{"cameraMode":{"drawMode":0,"name":"Shaded","section":"Shading Mode"},"sceneLighting":true,"audioPlay":false,"sceneViewState":{"m_AlwaysRefresh":false,"showFog":true,"showSkybox":true,"showFlares":true,"showImageEffects":true,"showParticleSystems":true,"showVisualEffectGraphs":true,"m_FxEnabled":true},"in2DMode":false,"pivot":{"x":-2.080591917037964,"y":2.6533069610595705,"z":10.053923606872559},"rotation":{"x":0.021266909316182138,"y":-0.9750975966453552,"z":0.10750795155763626,"w":0.19288550317287446},"size":0.21213188767433167,"orthographic":false}