{"cameraMode":{"drawMode":0,"name":"Shaded","section":"Shading Mode"},"sceneLighting":true,"audioPlay":false,"sceneViewState":{"m_AlwaysRefresh":false,"showFog":true,"showSkybox":true,"showFlares":true,"showImageEffects":true,"showParticleSystems":true,"showVisualEffectGraphs":true,"m_FxEnabled":true},"in2DMode":false,"pivot":{"x":-0.2852044999599457,"y":-2.5518596172332765,"z":25.572935104370118},"rotation":{"x":-0.12731820344924928,"y":-0.1573149412870407,"z":0.020453626289963723,"w":-0.9791010618209839},"size":15.01764965057373,"orthographic":false}